{
  "dataset": "cdk2_pic50_curated.parquet",
  "n_total": 2057,
  "n_train": 1645,
  "n_test": 412,
  "test_metrics": {
    "r2": 0.429308943151951,
    "rmse": 0.91760512913204,
    "mae": 0.7015175051255376,
    "pearson_r": 0.6727558404079766,
    "spearman_rho": 0.670244638678905,
    "n_test": 412
  },
  "cv_r2": "0.678 \u00b1 0.028",
  "cv_rmse": "0.715 \u00b1 0.031",
  "cv_mae": "0.534 \u00b1 0.021"
}